<?xml version="1.0" ?>
<manifest xmlns="http://www.imsproject.org/xsd/imscp_rootv1p1p2" xmlns:adlcp="http://www.adlnet.org/xsd/adlcp_rootv1p2" xmlns:xsi="http://www.w3.org/2001/XMLSchema-instance" identifier="InteractiveYouTubeVideoSCO" version="1.2" xsi:schemaLocation="http://www.imsproject.org/xsd/imscp_rootv1p1p2 imscp_rootv1p1p2.xsd http://www.adlnet.org/xsd/adlcp_rootv1p2 adlcp_rootv1p2.xsd">
  <metadata>
    <schema>ADL SCORM</schema>
    <schemaversion>1.2</schemaversion>
  </metadata>
  <organizations default="InteractiveYouTubeVideoOrg">
    <organization identifier="InteractiveYouTubeVideoOrg">
      <title>TBMM Çocuk - Ali ve Ayşe Çanakkale Gezisinde</title>
      <item identifier="item_1" identifierref="resource_1">
        <title>TBMM Çocuk - Ali ve Ayşe Çanakkale Gezisinde - Etkileşimli İçerik</title>
      </item>
    </organization>
  </organizations>
  <resources>
    <resource identifier="resource_1" type="webcontent" adlcp:scormtype="sco" href="index.html">
      <file href="index.html"/>
      <file href="css/style.css"/>
      <file href="js/interactive-video.js"/>
    </resource>
  </resources>
</manifest>
